estimator,0,1
GradientBoostingRegressor,0.4990583279582673,0.47852573709276724
CatBoostRegressor,0.4875072350182009,0.4402090494212746
LinearRegression,0.4570241515815785,0.4021436385261733
RandomForestRegressor,0.4495571926835418,0.4396298390281459
