,ITM,Russian,Russian
,$R^2$,Accuracy,F-measure
type,,,
0,0.4990583279582673,0.8333333333333334,0.8968421052631579
1,0.47852573709276724,0.9242424242424242,0.9586776859504132
